NetworkFilename,MouseID,highscore,NetworkFilename_corrected,Dosereal,Strain,Sex,Score,seizure,AM,MS,AvgScore,circle_num_bouts,f2_distance_cm,f2_center_time_secs,f2_periphery_time_secs,f2_corner_time_secs,f2_center_distance_cm,f2_periphery_distance_cm,f2_corner_distance_cm,f2_grooming_number_bouts,f2_grooming_duration_secs,freeze_avg_bout_lens,freeze_num_bouts,freeze_first_bout,freeze_time_sec,leg_splaying_avg_bout_lens,leg_splaying_num_bouts,leg_splaying_first_bout,leg_splaying_time_sec,side_seizure_avg_bout_lens,side_seizure_num_bouts,side_seizure_first_bout,side_seizure_time_sec,straub_tail_avg_bout_lens,straub_tail_num_bouts,straub_tail_first_bout,straub_tail_time_sec,wild_jumping_avg_bout_lens,wild_jumping_num_bouts,wild_jumping_first_bout,wild_jumping_time_sec,freeze_behavior_proportion,straub_tail_behavior_proportion,leg_splaying_behavior_proportion,side_seizure_behavior_proportion,wild_jumping_behavior_proportion
007675 B6J M 40mg-kg NV5_2022-03-22_11-01-39.avi,007675,6,007675 B6J M 40mg-kg NV5_2022-03-22_11-01-39.avi,40,B6J,M,1--6,High,6,6,6,0,606.527,0.833334,59.1667,35.3667,19.6114,586.915,243.809,0,0,5.14444444444444,9,194.033333333333,46.3,32.7222222222222,3,424.9,98.1666666666667,16.7333333333333,1,408.133333333333,16.7333333333333,0.208333333333333,8,249.966666666667,1.66666666666667,NA,0,0,0,0.0887823585810163,0.0031735956839098745,0.1869247857822913,0.03186290066645501,0
007700_B6NJ_F_40mg-kg_called B6J.avi,007700,6,007700_B6NJ_F_40mg-kg_called B6J.avi,40,B6NJ,F,1; 6,High,6,6,6,0,240.1425,0,60.0331,51.4165,0,240.1425,127.735,0,0,6.2,4,227.966666666667,24.8,1.16666666666667,2,563.233333333333,2.33333333333333,8.16666666666667,1,560.933333333333,8.16666666666667,NA,0,0,0,NA,0,0,0,0.04145077720207254,0,0.0038908343060419038,0.013615649660998116,0
007723 B6NJ M 40 mg-kg NV9_2022-03-22_12-00-00 maybe part 2.avi,007723,6,007723 B6NJ M 40 mg-kg NV9_2022-03-22_12-00-00 maybe part 2.avi,40,B6NJ,M,6,High,6,6,6,0,239.506,3.55,56.46665,47.15,40.42815,199.078,109.989,0,0,4.73148148148148,18,114.766666666667,85.1666666666667,6.35833333333333,4,95.7,25.4333333333333,0.653333333333333,5,122.566666666667,3.26666666666667,0.455555555555556,3,88.1333333333333,1.36666666666667,NA,0,0,0,0.2970930232558137,0.004767441860465122,0.08872093023255792,0.0113953488372093,0
007720 B6NJ M 40 mg-kg NV9_2022-03-22_11-03-10.avi,007720,7,007720 B6NJ M 40 mg-kg NV9_2022-03-22_11-03-10.avi,40,B6NJ,M,7,High,7,6,6,0,115.484,1.216665,58.78335,53.55,6.2575,109.2265,80.3646,0,0,6.16,5,205.6,30.8,3.11111111111111,3,166.266666666667,9.33333333333333,1.6,1,160.7,1.6,0.255555555555556,3,157.6,0.766666666666667,NA,0,0,0,0.1735211267605634,0.0042568943179715,0.051823061262261695,0.008883953359244865,0
007654_B6J_F_60mg-kg.avi,007654,6,007654_B6J_F_60mg-kg.avi,60,B6J,F,"4, 6",High,6,7,6,0,388.084,4.749985,55.28315,27.8166,39.369,348.715,135.15035,0,0,3.7,1,175.6,3.7,1.9,1,197.1,1.9,3.56666666666667,2,188.8,7.13333333333333,0.377777777777778,15,79.3,5.66666666666667,0.566666666666667,1,184.166666666667,0.566666666666667,0.022195560887822437,0.033510743150009875,0.011235955056179775,0.042184111965306505,0.0033510743150009874
007658_B6J_F_60mg-kg PTZ.avi,007658,6,007658_B6J_F_60mg-kg PTZ.avi,60,B6J,F,6,High,6,5,6,0,325.554,0,60.0331,43.6832,0,325.554,151.8725,0,0,3.13333333333333,1,235.4,3.13333333333333,3.92222222222222,3,198.533333333333,11.7666666666667,0.633333333333333,1,84.3666666666667,0.633333333333333,0.296969696969697,11,163.566666666667,3.26666666666667,NA,0,0,0,0.014141718068301454,0.014626865671641828,0.052686567164179327,0.002835820895522391,0
007653_B6J_F_60mg-kg.avi,007653,7,007653_B6J_F_60mg-kg.avi,60,B6J,F,"5, 7",High,7,7,7,0,288.4,3.74999,56.28315,47.099850000000004,23.1844,265.2155,143.873,0,0,3.41666666666667,2,157.533333333333,6.83333333333333,2.54761904761905,7,91.5666666666667,17.8333333333333,2.34444444444444,3,115.733333333333,7.03333333333333,0.393333333333333,15,75.4333333333333,5.9,0.744444444444444,3,114.6,2.23333333333333,0.03637331440738104,0.030391483516483568,0.09186126373626372,0.03626052586355036,0.011514005842928299
007677_B6J_M_60mg-kg_.avi,007677,7,007677_B6J_M_60mg-kg_.avi,60,B6J,M,"3,4-7",High,7,7,7,0,305.91,0.78333,59.2498,42.71655,10.46775,295.442,135.792,0,0,4.32666666666667,5,174.4,21.6333333333333,0.758333333333333,4,59.7333333333333,3.03333333333333,1.35,2,208.8,2.7,0.769047619047619,14,164.966666666667,10.7666666666667,2.53333333333333,1,240.566666666667,2.53333333333333,0.100792048454729,0.05000000000000023,0.014086687306501556,0.012538699690402498,0.011764705882352944
007679_B6J_M_60mg-kg_.avi,007679,7,007679_B6J_M_60mg-kg_.avi,60,B6J,M,"1, 7",High,7,6,6,0,260.244,0,60.0331,45.599850000000004,0,260.244,120.6745,0,0,7.27777777777778,3,200.4,21.8333333333333,3.33333333333333,4,141.466666666667,13.3333333333333,2.7,3,205.733333333333,8.1,0.344444444444444,6,139.866666666667,2.06666666666667,NA,0,0,0,0.12206485277674205,0.011475106422357969,0.07403294466037369,0.044975013881177126,0
007680_B6J_M_60mg-kg_.avi,007680,7,007680_B6J_M_60mg-kg_.avi,60,B6J,M,4--7,High,7,5,6,0,419.3205,1.1999975,58.83315,42.4832,15.2548,404.0655,169.983,0,0,4.66153846153846,13,140.933333333333,60.6,2.32857142857143,7,325.733333333333,16.3,0.7,1,175.966666666667,0.7,0.366666666666667,30,271.033333333333,11,NA,0,0,0,0.14751703992210322,0.024661833943651464,0.036544353934683534,0.0015693894327778203,0
007682_B6J_M_60mg-kg_.avi,007682,7,007682_B6J_M_60mg-kg_.avi,60,B6J,M,4--7,High,7,7,7,0,136.19935,0,60.0331,52.68315,0,136.19935,81.98975,0,0,3.1,1,136.133333333333,3.1,3.57777777777778,9,114.2,32.2,3.34444444444444,3,177.6,10.0333333333333,0.5,22,36.9333333333333,11,2.31666666666667,2,176.566666666667,4.63333333333333,0.023919753086419755,0.0707092350546388,0.20698521534176087,0.06449539318620062,0.029783586886650868
007701_B6NJ_F_60mg_kg_.avi,007701,6,007701_B6NJ_F_60mg_kg_.avi,60,B6NJ,F,"4, 6",High,6,6,6,0,242.5305,0,60.0331,51.5832,0,242.5305,139.457,0,0,5.83333333333333,2,134.7,11.6666666666667,13.1444444444444,3,164.166666666667,39.4333333333333,2,2,156.533333333333,4,0.766666666666667,1,155.433333333333,0.766666666666667,NA,0,0,0,0.09727626459144025,0.006306553331505332,0.3243761996161217,0.03290375651220172,0
007702_B6NJ_F_60mg_kg_.avi,007702,6,007702_B6NJ_F_60mg_kg_.avi,60,B6NJ,F,"4, 6",High,6,6,6,0,344.1995,2.5333265,57.4998,38.1499,38.3948685,305.8045,133.53205,0,0,NA,0,0,0,14.4,3,76.7333333333333,43.2,4.2,1,79.3666666666667,4.2,0.455555555555556,3,78.0333333333333,1.36666666666667,NA,0,0,0,0,0.01304901336728206,0.41247612985359783,0.04010184595798867,0
007703_B6NJ_F_60mg_kg_.avi,007703,6,007703_B6NJ_F_60mg_kg_.avi,60,B6NJ,F,6,High,6,7,6,0,370.6205,0.05,59.9831,30.28325,0.84733,369.7735,155.6964,0,0,6.31666666666667,4,230.933333333333,25.2666666666667,11.7083333333333,4,56.6666666666667,46.8333333333333,4.43333333333333,1,190.566666666667,4.43333333333333,0.325,4,189.466666666667,1.3,NA,0,0,0,0.12231725028239468,0.006211180124223602,0.22379738770308966,0.02119184193753982,0
007704_B6NJ_F_60mg-kg_.avi,007704,6,007704_B6NJ_F_60mg-kg_.avi,60,B6NJ,F,"1, 6",High,6,6,6,0,372.8585,1.166665,58.86645,47.8165,7.7153,365.1435,188.545,0,0,4.16666666666667,1,570.8,4.16666666666667,2.69090909090909,11,540.266666666667,29.6,3.13333333333333,2,254.466666666667,6.26666666666667,0.166666666666667,2,96.4666666666667,0.333333333333333,NA,0,0,0,0.008232349841938895,6.436663233779597e-4,0.05715756951596289,0.012100926879505662,0
007705_B6NJ_F_60mg-kg_.avi,007705,6,007705_B6NJ_F_60mg-kg_.avi,60,B6NJ,F,"3, 6",High,6,5,6,0,445.687,5.56665,54.4665,34.06655,72.4395,373.2475,155.204,0,0,3.125,4,148.466666666667,12.5,2.42222222222222,9,158.633333333333,21.8,NA,0,0,0,0.308333333333333,4,99.6333333333333,1.23333333333333,NA,0,0,0,0.053304904051172705,0.005248226950354596,0.09276595744680852,0,0
007725_B6NJ_M_60mg-kg_.avi,007725,7,007725_B6NJ_M_60mg-kg_.avi,60,B6NJ,M,7,High,7,7,7,0,121.99645,0,60.0331,50.64985,0,121.99645,86.4434,0,0,NA,0,0,0,NA,0,76.1666666666667,0,NA,0,67.6666666666667,0,NA,0,66.9666666666667,0,NA,0,0,0,0,0,0,0,0
007726_B6NJ_M_60mg-kg_.avi,007726,7,007726_B6NJ_M_60mg-kg_.avi,60,B6NJ,M,7,High,7,7,7,0,176.97015,0.85,59.1831,40.5832,23.34135,153.62865,69.43355,0,0,NA,0,41.9666666666667,0,1.81666666666667,2,95.1666666666667,3.63333333333333,0.766666666666667,1,92.1,0.766666666666667,0.476190476190476,7,81.0333333333333,3.33333333333333,1.63333333333333,2,121.733333333333,3.26666666666667,0,0.05211047420531519,0.056800416883793566,0.011985409067222511,0.05106826472120899
007729_B6NJ_M_60mg-kg_.avi,007729,7,007729_B6NJ_M_60mg-kg_.avi,60,B6NJ,M,7,High,7,6,6,0,307.8505,4.099985,55.93315,38.06655,23.15855,284.692,117.58855,0,0,NA,0,0,0,1.87777777777778,3,94.8333333333333,5.63333333333333,1.12666666666667,5,92.5666666666667,5.63333333333333,0.419047619047619,7,92.0333333333333,2.93333333333333,0.7,1,92.1,0.7,0,0.022552537160430465,0.04331112250128126,0.04331112250128126,0.005381855458739094
007659_b6_F_80mg-kg_.avi,007659,6,007659_B6J_F_80mg-kg_.avi,80,B6J,F,"3, 6",High,6,7,6,0,322.5995,0.4166655,59.61645,29.2999,6.3475,316.252,126.62065,0,0,NA,0,0,0,1.20833333333333,4,118.066666666667,4.83333333333333,0.633333333333333,2,122.066666666667,1.26666666666667,0.339393939393939,11,91.3666666666667,3.73333333333333,NA,0,0,0,0,0.04966740576496667,0.06430155210643008,0.01685144124168518,0
007660_B6_F_80mg-kg_.avi,007660,7,007660_B6J_F_80mg-kg_.avi,80,B6J,F,"3, 7",High,7,6,6,0,479.4365,29.4999,30.53321,17.3666,87.83615,391.60045,141.8575,0,0,3.58888888888889,3,86.2666666666667,10.7666666666667,5.75,6,65.8333333333333,34.5,6.36666666666667,1,107.133333333333,6.36666666666667,0.423529411764706,17,64.9,7.2,NA,0,0,0,0.09850564196401372,0.06527651858567543,0.31278331822302813,0.05772136597159266,0
007661_B6_F_80mg-kg_.avi,007661,7,007661_B6J_F_80mg-kg_.avi,80,B6J,F,"6, 7",High,7,6,6,0,326.9351,0,60.0331,48.43315,0,326.9351,136.4491,0,0,3.3,1,88.5333333333333,3.3,7.51428571428571,7,65.3,52.6,NA,0,0,0,0.302777777777778,12,61.3666666666667,3.63333333333333,NA,0,0,0,0.03477344573234984,0.03812521860790483,0.5519412381951732,0,0
007662_B6_F_80mg-kg_called_7762.avi,007662,7,007662_B6J_F_80mg-kg_called_7762.avi,80,B6J,F,"3, 7",High,7,6,6,0,336.662,8.76665,51.2665,30.93325,34.3742,302.2875,130.7061,0,0,NA,0,0,0,1.80666666666667,5,123.3,9.03333333333333,5.23333333333333,1,139.6,5.23333333333333,0.533333333333333,18,104.666666666667,9.6,0.6,1,113.866666666667,0.6,0,0.0768409818569906,0.07230522945570987,0.0418890074706511,0.004802561366061913
007663_B6_F_80mg-kg_called_7763.avi,007663,7,007663_B6J_F_80mg-kg_called_7763.avi,80,B6J,F,"3, 7",High,7,6,6,0,285.8255,3.399987,56.63315,38.76655,34.258935,251.5665,116.682,0,0,NA,0,0,0,1.6,15,90.4,24,3.76666666666667,1,113.866666666667,3.76666666666667,0.360416666666667,16,56.0333333333333,5.76666666666667,NA,0,0,0,0,0.08353452438435548,0.34765813616610347,0.05456301303718018,0
007664_B6_F_80mg-kg_called_7764.avi,007664,7,007664_B6J_F_80mg-kg_called_7764.avi,80,B6J,F,"5, 7",High,7,6,6,0,730.519,1.79999,58.2332,39.1332,25.9174,704.602,293.07,0,0,4.2,1,126.2,4.2,1.72222222222222,3,21.0333333333333,5.16666666666667,1.33333333333333,1,119.633333333333,1.33333333333333,0.666666666666667,1,68.6666666666667,0.666666666666667,NA,0,0,0,0.0290925883167859,0.00455996352029184,0.03533971728226176,0.009119927040583653,0
007683_B6J_M_80mg-kg_.avi,007683,5,007683_B6J_M_80mg-kg_.avi,80,B6J,M,5,High,5,6,6,0,261.013,0,60.0331,49.7332,0,261.013,142.874,0,0,NA,0,0,0,2.11333333333333,5,106.7,10.5666666666667,4.3,1,115.7,4.3,0.304761904761905,7,75.3333333333333,2.13333333333333,NA,0,0,0,0,0.040201005025125545,0.1991206030150759,0.08103015075376879,0
007685_B6J_M_80mg-kg_.avi,007685,5,007685_B6J_M_80mg-kg_.avi,80,B6J,M,5,High,5,6,6,0,335.288,0,60.0331,37.4332,0,335.288,152.829,0,0,NA,0,0,0,3.33333333333333,3,85.1333333333333,10,1.86666666666667,2,71.3666666666667,3.73333333333333,0.583333333333333,4,71.1333333333333,2.33333333333333,NA,0,0,0,0,0.03411306042884985,0.14619883040935672,0.054580896686159786,0
007688_B6J_M_80mg-kg_.avi,007688,5,007688_B6J_M_80mg-kg_.avi,80,B6J,M,5,High,5,6,6,1,279.104,0,60.0331,41.9665,0,279.104,126.7541,0,0,3.64166666666667,4,100.433333333333,14.5666666666667,27.0833333333333,2,89.7333333333333,54.1666666666667,2.94444444444444,3,82.4333333333333,8.83333333333333,0.666666666666667,5,62.2333333333333,3.33333333333333,NA,0,0,0,0.1277030976037404,0.028993911278631376,0.4711510582777606,0.0768338648883732,0
007684 B6J_M_80mg-kg video_recording_NV10 or NV11 041222.avi,007684,6,007684 B6J_M_80mg-kg video_recording_NV10 or NV11 041222.avi,80,B6J,M,"5,6",High,6,7,6,0,255.8475,2.71666,57.31645,19.9666,20.2164,235.631,72.9529,0,0,NA,0,0,0,1.96666666666667,5,100.6,9.83333333333333,1,7,90.4333333333333,7,0.411111111111111,18,56.1333333333333,7.4,0.6,1,108.733333333333,0.6,0,0.10287303058387402,0.13670064874884155,0.09731232622798894,0.008341056533827622
007708_B6NJ_F_80mg-kg_.avi,007708,5,007708_B6NJ_F_80mg-kg_.avi,80,B6NJ,F,"1, 5",High,5,4,4,0,462.918,2.916655,57.1165,26.13325,56.89685,406.021,125.662,0,0,4.20952380952381,7,166.2,29.4666666666667,NA,0,0,0,NA,0,0,0,NA,0,0,0,NA,0,0,0,0.09558823529411765,0,0,0,0
007710_B6NJ_F_80mg-kg_.avi,007710,6,007710_B6NJ_F_80mg-kg_.avi,80,B6NJ,F,6,High,6,6,6,1,114.9426,0.183333,59.8498,3.283325,2.97907,111.9636,14.51495,0,0,4.67777777777778,6,69.7333333333333,28.0666666666667,4.79166666666667,4,41.6,19.1666666666667,NA,0,35.8333333333333,0,0.733333333333333,1,34.8333333333333,0.733333333333333,0.933333333333333,1,128.4,0.933333333333333,0.2787156570671966,0.007213114754098334,0.18852459016393414,0,0.009180327868852426
007711_B6NJ_F_80mg-kg_.avi,007711,6,007711_B6NJ_F_80mg-kg_.avi,80,B6NJ,F,6,High,6,7,6,0,388.638,6.73331,53.2998,13.19996,43.1299,345.5085,86.48435,0,0,NA,0,0,0,0.875,8,59.3,7,1.11666666666667,4,93.8333333333333,4.46666666666667,0.790909090909091,11,87.5333333333333,8.7,3.23333333333333,1,107.866666666667,3.23333333333333,0,0.10856905158069888,0.0873544093178037,0.05574043261231288,0.040349417637271186
007706_B6NJ_F_80mg-kg_.avi,007706,7,007706_B6NJ_F_80mg-kg_.avi,80,B6NJ,F,"3, 7",High,7,6,6,0,406.46,8.06664,51.9665,15.59995,82.00915,324.451,88.37635,0,0,3.26666666666667,1,86.0666666666667,3.26666666666667,1.9,5,60.8333333333333,9.5,5.43333333333333,1,133.366666666667,5.43333333333333,0.433333333333333,10,60.6666666666667,4.33333333333333,NA,0,0,0,0.035430224150397725,0.04656160458452717,0.1020773638968481,0.05838108882521484,0
007707_B6NJ_F_80mg-kg_.avi,007707,7,007707_B6NJ_F_80mg-kg_.avi,80,B6NJ,F,"3, 7",High,7,6,6,4,279.6765,23.299935,36.73325,11.26665,103.36465,176.3116,48.55485,0,0,6.1,2,107.066666666667,12.2,0.5,1,81.7333333333333,0.5,NA,0,0,0,0.433333333333333,1,136.233333333333,0.433333333333333,NA,0,0,0,0.1598951507208388,0.005569837189374461,0.006426735218508998,0,0
007709_B6NJ_F_80mg-kg_.avi,007709,7,007709_B6NJ_F_80mg-kg_.avi,80,B6NJ,F,7,High,7,6,6,0,309.268,10.1333155,49.89985,21.599955,54.27395,254.994,85.41405,0,0,3.06666666666667,1,131.033333333333,3.06666666666667,2.15,2,100.2,4.3,5.1,1,93.8666666666667,5.1,0.420833333333333,8,47.2333333333333,3.36666666666667,0.8,1,93.2666666666667,0.8,0.027226990233797092,0.029775943396226353,0.038030660377358375,0.04510613207547156,0.007075471698113187
007731_B6NJ_M_80mg-kg_called 7631.avi,007731,6,007731_B6NJ_M_80mg-kg_called 7631.avi,80,B6NJ,M,6,High,6,6,6,0,281.889,0,60.0331,38.3332,0,281.889,120.207,0,0,NA,0,0,0,2.025,4,94.2333333333333,8.1,1.11111111111111,3,104.466666666667,3.33333333333333,0.461111111111111,6,84.3,2.76666666666667,NA,0,0,0,0,0.10272277227722797,0.30074257425742607,0.12376237623762378,0
007736_B6NJ_M_80mg-kg_.avi,007736,6,007736_B6NJ_M_80mg-kg_.avi,80,B6NJ,M,"3, 6",High,6,6,6,0,238.5795,5.4,54.63315,22.166575,19.71285,218.8665,86.30545,0,0,3.48888888888889,3,137.066666666667,10.4666666666667,0.533333333333333,1,89.7666666666667,0.533333333333333,1.56666666666667,2,93.9666666666667,3.13333333333333,0.477777777777778,6,88.3,2.86666666666667,NA,0,0,0,0.16927223719676615,0.04339051463168519,0.008072653884964672,0.04742684157416743,0
007732_B6NJ_M_80mg-kg_.avi,007732,7,007732_B6NJ_M_80mg-kg_.avi,80,B6NJ,M,"3,7",High,7,6,6,0,406.3655,14.74995,45.28315,20.04995,71.22085,335.1445,159.7041,0,0,NA,0,0,0,0.691666666666667,4,95.2666666666667,2.76666666666667,6.86666666666667,1,84.5666666666667,6.86666666666667,0.504166666666667,24,73.4666666666667,12.1,1.93333333333333,3,103.8,5.8,0,0.11586338972231125,0.02649218001915109,0.06581469648562324,0.055626598465472965
007733_B6NJ_M_80mg-kg_.avi,007733,7,007733_B6NJ_M_80mg-kg_.avi,80,B6NJ,M,7,High,7,7,7,0,246.85715,1.08333,58.9498,27.86655,8.50145,238.35615,80.3837,0,0,NA,0,0,0,NA,0,63.4,0,NA,0,55.1666666666667,0,NA,0,54.6666666666667,0,NA,0,0,0,0,0,0,0,0
007735_B6NJ_M_80mg-kg_.avi,007735,7,007735_B6NJ_M_80mg-kg_.avi,80,B6NJ,M,"4, 7",High,7,7,7,0,329.66,5.716632,54.3165,13.566635,35.22015,294.4395,68.68205,0,0,NA,0,0,0,0.783333333333333,2,82.2,1.56666666666667,2.74444444444444,3,88.6,8.23333333333333,0.930555555555556,12,59.3666666666667,11.1666666666667,4.56666666666667,1,105.966666666667,4.56666666666667,0,0.18020441097364218,0.025282409897794553,0.13286713286713275,0.07369553523399679
007647_B6J_F_40mg-kg.avi,007647,1,007647_B6J_F_40mg-kg.avi,40,B6J,F,1,Low,1,1,1,0,505.034,0.233333,59.7998,44.4499,6.7513,498.2825,201.27305,0,0,3.67380952380952,14,154.833333333333,51.4333333333333,NA,0,0,0,NA,0,0,0,NA,0,0,0,NA,0,0,0,0.06426756632929315,0,0,0,0
007648_B6J_F_40mg-kg.avi,007648,1,007648_B6J_F_40mg-kg.avi,40,B6J,F,1,Low,1,-1,0,0,386.6445,0.199999,59.8331,49.6165,7.9715,378.673,181.622,0,0,6.09666666666667,10,172.833333333333,60.9666666666667,NA,0,0,0,NA,0,0,0,NA,0,0,0,NA,0,0,0,0.08010686755430975,0,0,0,0
007649_B6J_F_40mg-kg.avi,007649,1,007649_B6J_F_40mg-kg.avi,40,B6J,F,1,Low,1,1,1,0,391.77,0.7,59.33315,36.5999,16.79215,374.9775,165.725,0,0,4.08333333333333,16,143.266666666667,65.3333333333333,NA,0,0,0,NA,0,0,0,NA,0,0,0,NA,0,0,0,0.09511331101082152,0,0,0,0
007650_B6J_F_40mg-kg.avi,007650,1,007650_B6J_F_40mg-kg.avi,40,B6J,F,1,Low,1,3,2,0,364.1895,2.233326,57.7998,45.43315,42.8487,321.3405,139.53445,0,0,4.52948717948718,26,109.366666666667,117.766666666667,NA,0,0,0,NA,0,0,0,NA,0,0,0,NA,0,0,0,0.17261933844725713,0,0,0,0
007651_B6J_F_40mg-kg.avi,007651,1,007651_B6J_F_40mg-kg.avi,40,B6J,F,1,Low,1,2,2,0,456.214,0,60.0831,53.849850000000004,0,456.214,244.2205,0,0,3.84444444444444,15,203.033333333333,57.6666666666667,NA,0,0,0,NA,0,0,0,NA,0,0,0,NA,0,0,0,0.08213844839046626,0,0,0,0
007652_B6J_F_40mg-kg.avi,007652,1,007652_B6J_F_40mg-kg.avi,40,B6J,F,1,Low,1,1,1,0,575.526,0,60.0331,42.3499,0,575.526,222.809,0,0,4.38245614035088,19,119.466666666667,83.2666666666667,NA,0,0,0,NA,0,0,0,NA,0,0,0,NA,0,0,0,0.12279408150223668,0,0,0,0
007671_B6J_M_40mg-kg_.avi,007671,1,007671_B6J_M_40mg-kg_.avi,40,B6J,M,1,Low,1,1,1,0,375.338,0,60.0331,44.16655,0,375.338,157.7585,0,0,4.25652173913044,23,169.333333333333,97.9,NA,0,0,0,NA,0,0,0,NA,0,0,0,NA,0,0,0,0.08164910622445883,0,0,0,0
007672_B6J_M_40mg-kg_.avi,007672,1,007672_B6J_M_40mg-kg_.avi,40,B6J,M,1,Low,1,1,1,0,312.6915,0,60.0331,49.16655,0,312.6915,140.92,0,0,5.48030303030303,22,81.1333333333333,120.566666666667,NA,0,0,0,0.633333333333333,1,710,0.633333333333333,NA,0,0,0,NA,0,0,0,0.10749843968258684,0,0,5.632132799762854e-4,0
007673_B6J_M_40mg-kg_.avi,007673,1,007673_B6J_M_40mg-kg_.avi,40,B6J,M,1,Low,1,1,1,0,316.557,0,60.0331,51.24985,0,316.557,166.5805,0,0,4.315,20,97.6,86.3,NA,0,0,0,NA,0,13.2666666666667,0,NA,0,0,0,NA,0,0,0,0.13834562359730684,0,0,0,0
007674_B6J_M_40mg-kg_.avi,007674,1,007674_B6J_M_40mg-kg_.avi,40,B6J,M,1,Low,1,1,1,0,383.068,0,60.0331,47.7332,0,383.068,168.45,0,0,4.10333333333333,20,97.0666666666667,82.0666666666667,NA,0,0,0,NA,0,0,0,NA,0,0,0,NA,0,0,0,0.15458997865126206,0,0,0,0
007695_B6NJ_F_40mg-kg_called B6J.avi,007695,1,007695_B6NJ_F_40mg-kg_called B6J.avi,40,B6NJ,F,1,Low,1,4,2,0,157.2041,0,60.0331,56.0498,0,157.2041,93.0736,0,0,6.44222222222222,15,86.5,96.6333333333333,NA,0,0,0,NA,0,0,0,NA,0,0,0,NA,0,0,0,0.15412834281460988,0,0,0,0
007696_B6NJ_F_40mg-kg_called B6J.avi,007696,1,007696_B6NJ_F_40mg-kg_called B6J.avi,40,B6NJ,F,1,Low,1,5,3,0,470.804,1.699995,58.33315,36.2999,32.04355,438.7605,164.437,0,0,3.59019607843137,17,149.566666666667,61.0333333333333,NA,0,0,0,NA,0,0,0,0.166666666666667,1,585.3,0.166666666666667,NA,0,0,0,0.07380683650435342,2.0154788777813654e-4,0,0,0
007697_B6NJ_F_40mg-kg_called B6J.avi,007697,1,007697_B6NJ_F_40mg-kg_called B6J.avi,40,B6NJ,F,1,Low,1,1,1,0,399.284,1.8333275,58.19985,38.99985,43.4495,355.8345,147.4048,0,0,3.86666666666667,7,98.7,27.0666666666667,NA,0,0,0,NA,0,0,0,NA,0,0,0,NA,0,0,0,0.039884080750528086,0,0,0,0
007698_B6NJ_F_40mg-kg_called B6J.avi,007698,1,007698_B6NJ_F_40mg-kg_called B6J.avi,40,B6NJ,F,1,Low,1,1,1,0,396.1505,2.81666,57.21645,40.1665,35.53275,360.6175,166.5345,0,0,4.58205128205128,13,214.133333333333,59.5666666666667,0.666666666666667,1,449.966666666667,0.666666666666667,NA,0,0,0,NA,0,0,0,NA,0,0,0,0.0849617268102506,0,9.503444998812074e-4,0,0
007699_B6NJ_F_40mg-kg_called B6J.avi,007699,1,007699_B6NJ_F_40mg-kg_called B6J.avi,40,B6NJ,F,1,Low,1,3,2,0,498.1685,2.16666,57.86645,29.4666,54.8434,443.325,148.8435,0,0,5.34561403508772,19,158.9,101.566666666667,NA,0,0,0,1.35,2,231.5,2.7,0.166666666666667,1,398.9,0.166666666666667,NA,0,0,0,0.1357359230220959,2.2229137954030175e-4,0,0.0036011203485528816,0
007656_B6J_F_60mg-kg.avi,007656,4,007656_B6J_F_60mg-kg.avi,60,B6J,F,4,Medium,4,6,5,0,463.7425,0.0666665,59.96645,47.6832,0.926685,462.8155,207.904,0,0,3.23333333333333,1,157.6,3.23333333333333,15.3666666666667,3,174.833333333333,46.1,4.8,1,165.9,4.8,0.491666666666667,4,164.4,1.96666666666667,0.633333333333333,1,165.533333333333,0.633333333333333,0.018934218231504922,0.01148753894080999,0.2692757009345795,0.028037383177570093,0.0036993769470404967
007657_B6J_F_60mg-kg.avi,007657,4,007657_B6J_F_60mg-kg.avi,60,B6J,F,4,Medium,4,6,5,0,518.1895,2.233325,57.7998,23.39995,28.584,489.6055,180.58125,0,0,1.53333333333333,2,154.666666666667,3.06666666666667,24.2,1,122.2,24.2,5.56666666666667,1,116.333333333333,5.56666666666667,0.68,5,104.3,3.4,NA,0,0,0,0.023889898727603186,0.026120358514724645,0.185915492957746,0.04280953601640619,0
007742 B6NJ M vehicle NV5_2022-03-25_13-28-00.avi,007655,4,007655_B6J_F_60mg-kg PTZ,60,B6J,F,4,Medium,4,6,5,0,560.8285,0,60.01665,43.53335,0,560.8285,247.7145,0,0,NA,0,0,0,11.8555555555556,6,164.9,71.1333333333333,NA,0,0,0,0.418518518518519,9,123.166666666667,3.76666666666667,NA,0,0,0,0,0.021050670640834636,0.39754098360655793,0,0
007681_B6J_M_60mg-kg_.avi,007681,4,007681_B6J_M_60mg-kg_.avi,60,B6J,M,1--4,Medium,4,7,6,0,381.9,0.2666655,59.76645,40.6832,5.26645,376.6335,166.3745,0,0,4.66666666666667,9,266.933333333333,42,1.6948717948718,13,144.233333333333,22.0333333333333,1.60833333333333,8,93.1666666666667,12.8666666666667,0.46031746031746,21,387.266666666667,9.66666666666667,NA,0,0,0,0.09615384615384615,0.02204149882191988,0.050239416280306946,0.02933799498365894,0
007727_B6NJ_M_60mg-kg_.avi,007727,4,007727_B6NJ_M_60mg-kg_.avi,60,B6NJ,M,4,Medium,4,5,4,0,242.4475,10.26665,49.7665,39.1832,26.0901,216.3575,106.09365,0,0,2.4,2,128.1,4.8,7.38333333333333,2,99.2666666666667,14.7666666666667,2.7,1,96.4333333333333,2.7,0.4,4,95.8666666666667,1.6,NA,0,0,0,0.05473204104903078,0.018244013683010263,0.16837704294944925,0.03078677309007982,0
007730_B6NJ_M_60mg-kg_.avi,007730,4,007730_B6NJ_M_60mg-kg_.avi,60,B6NJ,M,4,Medium,4,4,4,0,602.5955,5.18332,54.8498,26.23325,67.79945,534.796,196.1645,0,0,4.53333333333333,1,128.2,4.53333333333333,NA,0,0,0,0.533333333333333,1,64.1333333333333,0.533333333333333,0.38,5,61.0333333333333,1.9,0.566666666666667,1,61.3333333333333,0.566666666666667,0.043174603174603136,0.01775147928994088,0,0.004982871379632526,0.005294300840859564
007686_B6J_M_80mg-kg_.avi,007686,4,007686_B6J_M_80mg-kg_.avi,80,B6J,M,4,Medium,4,5,4,0,431.391,0.8,59.23315,34.9332,12.10045,419.2905,188.38115,0,0,3.13333333333333,1,127.166666666667,3.13333333333333,6.08333333333333,4,115.3,24.3333333333333,NA,0,0,0,0.366666666666667,6,102.366666666667,2.2,NA,0,0,0,0.029522613065326695,0.020214395099540646,0.22372050260496376,0,0
007687_B6J_M_80mg-kg_.avi,007687,4,007687_B6J_M_80mg-kg_.avi,80,B6J,M,4,Medium,4,6,5,0,517.847,2.79999,57.23315,19.5666,35.06985,482.777,128.30175,0,0,NA,0,0,0,0.891666666666667,8,76.9666666666667,7.13333333333333,0.938095238095238,7,74.8,6.56666666666667,0.473333333333333,15,74.6333333333333,7.1,1.41666666666667,2,101.9,2.83333333333333,0,0.14559125085440863,0.14627477785372506,0.13465481886534517,0.0581395348837209
007665_B6J_F_vehicle_.avi,007665,-1,007665_B6J_F_vehicle_.avi,0,B6J,F,-1,No,-1,1,0,0,391.599,0.0499995,59.9831,44.0832,0.4949505,391.104,168.208,0,0,NA,0,0,0,NA,0,0,0,NA,0,0,0,NA,0,0,0,NA,0,0,0,0,0,0,0,0
007666_B6J_F_vehicle_.avi,007666,-1,007666_B6J_F_vehicle_.avi,0,B6J,F,-1,No,-1,-1,-1,1,146.6374,0,60.0331,51.8165,0,146.6374,95.3009,0,0,NA,0,0,0,NA,0,0,0,NA,0,0,0,NA,0,0,0,NA,0,0,0,0,0,0,0,0
007667_B6J_F_vehicle_.avi,007667,-1,007667_B6J_F_vehicle_.avi,0,B6J,F,-1,No,-1,3,1,0,507.684,1.599995,58.43315,44.4832,22.2661,485.418,207.084,0,0,NA,0,0,0,NA,0,0,0,NA,0,0,0,NA,0,0,0,NA,0,0,0,0,0,0,0,0
007668_B6J_F_vehicle_.avi,007668,-1,007668_B6J_F_vehicle_.avi,0,B6J,F,-1,No,-1,-1,-1,0,395.993,0.833333,59.1998,45.86655,8.463505,387.5295,188.536,0,0,NA,0,0,0,NA,0,0,0,NA,0,0,0,NA,0,0,0,NA,0,0,0,0,0,0,0,0
007669_B6J_F_vehicle_.avi,007669,-1,007669_B6J_F_vehicle_.avi,0,B6J,F,-1,No,-1,-1,-1,0,368.8515,2.316655,57.7165,28.33325,18.95705,349.8945,112.15,0,0,NA,0,0,0,NA,0,0,0,NA,0,0,0,NA,0,0,0,NA,0,0,0,0,0,0,0,0
007670_B6J_F_vehicle_.avi,007670,-1,007670_B6J_F_vehicle_.avi,0,B6J,F,-1,No,-1,-1,-1,0,292.8105,4.01665,56.0165,35.36655,61.4911,231.3195,91.74445,0,0,NA,0,0,0,NA,0,0,0,NA,0,0,0,NA,0,0,0,NA,0,0,0,0,0,0,0,0
007689_B6J_M_vehicle_.avi,007689,-1,007689_B6J_M_vehicle_.avi,0,B6J,M,-1,No,-1,3,1,0,293.034,0,60.0331,47.64985,0,293.034,152.905,0,0,NA,0,0,0,NA,0,991.233333333333,0,1.16666666666667,1,123.033333333333,1.16666666666667,NA,0,0,0,NA,0,0,0,0,0,0,0.019433647973348206,0
007690_B6J_M_vehicle_.avi,007690,-1,007690_B6J_M_vehicle_.avi,0,B6J,M,-1,No,-1,1,0,0,289.3735,7.899965,52.13315,34.2832,64.27935,225.0945,98.51415,0,0,NA,0,0,0,NA,0,0,0,NA,0,0,0,NA,0,31.1,0,NA,0,0,0,0,0,0,0,0
007691_B6J_M_vehicle_.avi,007691,-1,007691_B6J_M_vehicle_.avi,0,B6J,M,-1,No,-1,1,0,0,101.7121,0,60.0331,55.9998,0,101.7121,77.29955,0,0,NA,0,0,0,0.7,2,427.933333333333,1.4,0.511111111111111,3,127.066666666667,1.53333333333333,NA,0,0,0,NA,0,0,0,0,0,0.0011660188784008852,0.001277068295391443,0
007692_B6J_M_vehicle_.avi,007692,-1,007692_B6J_M_vehicle_.avi,0,B6J,M,-1,No,-1,1,0,0,222.475,0.649995,59.38315,46.4999,3.99083,218.484,104.1305,0,0,NA,0,0,0,1.06666666666667,1,540.766666666667,1.06666666666667,0.5,1,340.5,0.5,NA,0,0,0,NA,0,0,0,0,0,8.883953359244867e-4,4.1643531371460187e-4,0
007693_B6J_M_vehicle_.avi,007693,-1,007693_B6J_M_vehicle_.avi,0,B6J,M,-1,No,-1,-1,-1,0,346.7495,1.199996,58.83315,43.7665,21.611685,325.1375,163.9605,0,0,NA,0,0,0,1.25,2,83.6,2.5,0.753333333333333,5,39.3,3.76666666666667,NA,0,0,0,NA,0,0,0,0,0,0.002919310264294888,0.004398427464870969,0
007694_B6J_M_vehicle_.avi,007694,-1,007694_B6J_M_vehicle_.avi,0,B6J,M,-1,No,-1,1,0,0,361.5005,5.21665,54.81645,41.41655,42.3857,319.1145,151.548,0,0,NA,0,0,0,NA,0,0,0,0.833333333333333,1,591.833333333333,0.833333333333333,NA,0,0,0,NA,0,0,0,0,0,0,0.001051524710830704,0
007713_B6NJ_F_vehicle_.avi,007713,-1,007713_B6NJ_F_vehicle_.avi,0,B6NJ,F,-1,No,-1,-1,-1,0,272.1885,1.53333,58.4998,45.54985,6.33225,265.8565,128.2816,0,0,NA,0,0,0,NA,0,1090.56666666667,0,NA,0,693.233333333333,0,NA,0,1124.4,0,NA,0,0,0,0,0,0,0,0
007714_B6NJ_F_vehicle_.avi,007714,-1,007714_B6NJ_F_vehicle_.avi,0,B6NJ,F,-1,No,-1,1,0,0,46.55855,0,60.0331,60.0331,0,46.55855,46.55855,0,0,NA,0,0,0,NA,0,411.966666666667,0,NA,0,0,0,NA,0,802.533333333333,0,NA,0,0,0,0,0,0,0,0
007715_B6NJ_F_vehicle_.avi,007715,-1,007715_B6NJ_F_vehicle_.avi,0,B6NJ,F,-1,No,-1,1,0,0,155.839,1.149995,58.88315,41.3332,3.474345,152.3645,87.34815,0,0,NA,0,0,0,0.691666666666667,4,48.1666666666667,2.76666666666667,NA,0,0,0,NA,0,0,0,NA,0,0,0,0,0,0.0033465043141682176,0,0
007716_B6NJ_F_vehicle_.avi,007716,-1,007716_B6NJ_F_vehicle_.avi,0,B6NJ,F,-1,No,-1,1,0,0,370.753,5.966645,54.0665,31.98325,32.82985,337.9235,147.343,0,0,NA,0,0,0,NA,0,0,0,NA,0,0,0,NA,0,0,0,NA,0,0,0,0,0,0,0,0
007717_B6NJ_F_vehicle_.avi,007717,-1,007717_B6NJ_F_vehicle_.avi,0,B6NJ,F,-1,No,-1,3,1,0,109.9917,0,60.0331,58.9998,0,109.9917,79.2175,0.5,2.54999,NA,0,0,0,NA,0,0,0,NA,0,8.06666666666667,0,NA,0,0,0,NA,0,0,0,0,0,0,0,0
007718_B6NJ_F_vehicle_.avi,007718,-1,007718_B6NJ_F_vehicle_.avi,0,B6NJ,F,-1,No,-1,1,0,0,255.4995,0.133333,59.8998,49.849850000000004,2.21416,253.2855,122.4775,0,0,NA,0,0,0,NA,0,0,0,NA,0,0,0,NA,0,0,0,NA,0,0,0,0,0,0,0,0
007738_B6NJ_M_vehicle_.avi,007738,-1,007738_B6NJ_M_vehicle_.avi,0,B6NJ,M,-1,No,-1,1,0,0,105.3521,0,60.0331,54.7498,0,105.3521,69.42085,0,0,NA,0,0,0,2.13974358974359,26,398.233333333333,55.6333333333333,0.644444444444444,3,130.1,1.93333333333333,NA,0,0,0,NA,0,0,0,0,0,0.046335369239311336,0.0016102165463631245,0
007740_B6NJ_M_60mg-kg_.avi,007740,-1,007740_B6NJ_M_vehicle_.avi,0,B6NJ,M,-1,No,-1,1,0,0,78.4872,0,60.0331,59.3831,0,78.4872,76.30975,0.5,3.816655,NA,0,0,0,NA,0,0,0,NA,0,0,0,0.2,3,312.133333333333,0.6,NA,0,0,0,0,4.997223764575222e-4,0,0,0
007741_B6NJ_M_vehicle_.avi,007741,-1,007741_B6NJ_M_vehicle_.avi,0,B6NJ,M,-1,No,-1,-1,-1,0,154.455,0,60.0331,58.0665,0,154.455,108.7035,0,0,NA,0,0,0,1.95,2,498.8,3.9,0.88,10,26.8333333333333,8.8,NA,0,0,0,NA,0,0,0,0,0,0.007921462423832099,0.017872858980434624,0
007676 B6J M 40 mg-kgNV10 or NV11 video_recording_2022-03-22_11-03-40.avi,007676,-1,007676 B6J M 40 mg-kgNV10 or NV11 video_recording_2022-03-22_11-03-40.avi,40,B6J,M,-1,No,-1,3,1,0,153.385,2.283335,57.71665,52.01665,21.35565,132.029,81.4854,0,0,4.03333333333333,10,43.8,40.3333333333333,NA,0,0,0,NA,0,0,0,NA,0,0,0,NA,0,0,0,0.06998669674359415,0,0,0,0
037833_B6J_M_38727.avi,037833,3,037833_B6J_M_38727.avi,20,B6J,M,"1, 3",Medium,3,1,2,0,202.10883649999994,2.8609195000000014,58.14770333333334,48.056318166666664,32.67641333333332,169.4324365,74.9370165,0,0,5.05694444444444,24,146.8,121.366666666667,0.916666666666667,2,36.8333333333333,1.83333333333333,NA,0,0,0,NA,0,0,0,NA,0,0,0,0.28798544649213104,0,0.0043457648546144,0,0
037834_B6J_M_38728.avi,037834,3,037834_B6J_M_38728.avi,20,B6J,M,"1, 2, 3",Medium,3,1,2,0,443.3215702857143,10.138916285714286,55.974405714285716,24.760599142857142,108.22095142857142,335.1005702857143,98.21452457142857,0.0857142857142857,0.48965542857142835,6.42222222222222,12,4.93333333333333,77.0666666666667,NA,0,0,0,NA,0,0,0,NA,0,0,0,NA,0,0,0,0.2257371607107988,0,0,0,0
037835_B6J_M_38729.avi,037835,1,037835_B6J_M_38729.avi,20,B6J,M,1,Low,1,1,1,0,356.97793666666666,7.98965585,52.010345,31.726442166666665,63.13762833333333,293.84030333333334,97.34283333333332,0.049999999999999996,0.2511493333333334,5.68958333333333,16,114.233333333333,91.0333333333333,NA,0,0,0,NA,0,0,0,NA,0,0,0,NA,0,0,0,0.4112332480048178,0,0,0,0
037836_B6J_M_38730.avi,037836,-1,037836_B6J_M_38730.avi,20,B6J,M,-1,No,-1,1,0,0,437.9023846153846,14.18501025,46.12533653846154,18.994698653846154,120.7674076923077,317.13503846153844,94.701225,0.05769230769230768,0.35809019230769235,NA,0,0,0,0.633333333333333,1,234.566666666667,0.633333333333333,NA,0,0,0,NA,0,0,0,NA,0,0,0,0,0,0.0016672516672516647,0,0
037837_B6J_M_38731.avi,037837,3,037837_B6J_M_38731.avi,20,B6J,M,"1, 3",Medium,3,3,3,0,1111.0104633333335,15.3373596,44.66263983333334,25.400570666666667,522.7854622166667,588.2247933333333,376.3627666666667,0.06666666666666668,0.3235631666666668,6.66388888888889,24,86.8666666666667,159.933333333333,NA,0,0,0,NA,0,0,0,NA,0,0,0,NA,0,0,0,0.6217442011144222,0,0,0,0
037838_B6J_M_38732.avi,037838,3,037838_B6J_M_38732.avi,20,B6J,M,"1, 3",Medium,3,1,2,0,833.6116833333333,15.03621085,44.963789999999996,15.459193116666667,138.50981666666667,695.1018666666666,253.4090068333334,0.04999999999999998,0.29597700000000005,5.83333333333333,17,104.333333333333,99.1666666666667,NA,0,1.36666666666667,0,NA,0,0,0,NA,0,0,0,NA,0,0,0,0.3117468301372735,0,0,0,0
037848_B6J_F_38742.avi,037848,3,037848_B6J_F_38742.avi,20,B6J,F,"1, 3",Medium,3,1,2,0,306.5415766666667,14.587933533333333,45.9396505,17.6695383,87.57140483333333,218.970075,63.13238833333333,0.08333333333333334,0.4896556666666668,4.4037037037037,9,176.366666666667,39.6333333333333,0.977777777777778,3,71.5666666666667,2.93333333333333,NA,0,0,0,NA,0,0,0,NA,0,0,0,0.16504719600222106,0,0.012215435868961691,0,0
037849_B6J_F_38743.avi,037849,1,037849_B6J_F_38743.avi,20,B6J,F,1,Low,1,-1,0,0,268.4027066666667,14.945980133333334,45.05401666666667,17.306891333333333,79.53089175,188.87178,51.623667833333336,0.13333333333333336,2.2505734999999993,NA,0,192.933333333333,0,NA,0,0,0,NA,0,0,0,NA,0,0,0,NA,0,0,0,0,0,0,0,0
037939_B6J_F_38833.avi,037939,3,037939_B6J_F_38833.avi,20,B6J,F,"1, 2, 3",Medium,3,3,3,0,432.489303030303,17.242425757575756,42.75869696969697,18.817063333333333,163.88951212121214,268.5998181818182,75.78974848484849,0.0909090909090909,0.43883272727272726,5.22631578947368,19,150.7,99.3,NA,0,0,0,NA,0,0,0,NA,0,0,0,NA,0,0,0,0.2896169550845807,0,0,0,0
037940_B6J_F_38834.avi,037940,3,037940_B6J_F_38834.avi,20,B6J,F,"1, 3",Medium,3,1,2,0,501.73336666666665,40.85740916666666,19.142592166666667,3.7203698500000004,359.22801166666665,142.50533000000001,22.23852933333333,0.5333333333333334,4.4444444999999995,5.78125,16,138.266666666667,92.5,NA,0,0,0,NA,0,0,0,NA,0,0,0,NA,0,0,0,0.3399485483278206,0,0,0,0
037941_B6J_F_38835.avi,037941,3,037941_B6J_F_38835.avi,20,B6J,F,"1, 3",Medium,3,2,2,0,795.6268103333332,15.7574053,44.30678833333333,22.725302999999997,141.00922666666668,654.6175603333332,274.7701055,0.05,0.3320983333333332,5.2962962962963,18,121.666666666667,95.3333333333333,NA,0,0,0,NA,0,0,0,NA,0,0,0,NA,0,0,0,0.3251108332386043,0,0,0,0
037942_B6J_F_38836.avi,037942,3,037942_B6J_F_38836.avi,20,B6J,F,"1, 3",Medium,3,3,3,0,350.05848833333334,23.725921666666668,36.27408,13.5555556,145.54379,204.51464333333334,56.83005583333333,0.04999999999999999,0.5537033333333334,6.57179487179487,13,110.033333333333,85.4333333333333,NA,0,0,0,NA,0,26.4666666666667,0,NA,0,0,0,NA,0,0,0,0.2535866231324823,0,0,0,0
037818_B6NJ_F_38712.avi,037818,-1,037818_B6NJ_F_38712.avi,20,B6NJ,F,-1,No,-1,-1,-1,0,525.7411972692307,3.3052846153846156,139.21885384615385,25.828142307692307,110.46294999999998,415.27819726923076,125.97740496153847,0.03846153846153847,0.19110576923076927,NA,0,0,0,1,1,348.366666666667,1,NA,0,0,0,NA,0,0,0,NA,0,0,0,0,0,0.0030120481927710845,0,0
037819_B6NJ_F_38713.avi,037819,3,037819_B6NJ_F_38713.avi,20,B6NJ,F,"1, 2, 3",Medium,3,1,2,0,784.2182090104167,6.371742708333333,55.6744875,42.25781979166667,309.44027500000004,474.77754234375,289.23411859375,0.020833333333333325,0.09049479166666671,4.62051282051282,13,161.333333333333,60.0666666666667,0.866666666666667,1,89.9,0.866666666666667,0.6,1,264.966666666667,0.6,NA,0,0,0,NA,0,0,0,0.22075217444566958,0,0.0031800391389432536,0.0022015655577299438,0
037820_B6NJ_F_38714.avi,037820,3,037820_B6NJ_F_38714.avi,20,B6NJ,F,"1, 2, 3",Medium,3,1,2,0,548.5295367346938,31.524228571428573,28.475769387755104,15.211733673469391,354.6435714285714,193.8859469387755,44.201536204081634,0.3673469387755103,2.366071428571428,4.50166666666667,20,147.733333333333,90.0333333333333,NA,0,0,0,0.533333333333333,1,160.333333333333,0.533333333333333,NA,0,0,0,NA,0,0,0,0.27080409063565236,0,0,0.0016004801440432136,0
037821_B6NJ_F_38715.avi,037821,3,037821_B6NJ_F_38715.avi,20,B6NJ,F,"1, 2, 3",Medium,3,1,2,0,551.202,10.823806382978724,49.53988723404255,26.986700000000003,93.67509234042554,457.527,217.87400212765957,0.12765957446808512,0.6343085106382979,NA,0,0,0,0.6,1,397.666666666667,0.6,NA,0,0,0,NA,0,0,0,0.7,1,436.633333333333,0.7,0,0,0.0015313935681470136,0,0.0017867778439547334
037822_B6NJ_F_38716.avi,037822,3,037822_B6NJ_F_38716.avi,20,B6NJ,F,"1, 3",Medium,3,1,2,0,329.9063468085106,6.5923114893617045,53.407689361702126,40.56416978723404,88.59575957446809,241.31066595744684,55.38699787234042,0.06382978723404256,0.371997659574468,3.51666666666667,6,234.733333333333,21.1,NA,0,0,0,NA,0,0,0,NA,0,0,0,NA,0,0,0,0.06064961195745905,0,0,0,0
037823_B6NJ_F_38717.avi,037823,3,037823_B6NJ_F_38717.avi,20,B6NJ,F,"1, 2, 3",Medium,3,1,2,0,385.94585106382976,8.182565936170212,51.82155106382979,36.590937872340426,87.52098510638295,298.4249361702128,112.22921914893617,0.021276595744680857,0.2415914893617022,4.17878787878788,11,170.2,45.9666666666667,3.23333333333333,2,105.366666666667,6.46666666666667,0.533333333333333,1,250.333333333333,0.533333333333333,NA,0,0,0,NA,0,0,0,0.13615718799368096,0,0.019083218571709613,0.0015738736966358423,0
037949_B6NJ_M_38843.avi,037949,3,037949_B6NJ_M_38843.avi,20,B6NJ,M,"1, 3",Medium,3,1,2,0,263.3220277777778,2.41487425,58.06989166666666,39.87096388888889,32.28741222222222,231.0346111111111,102.514725,0.08333333333333333,1.0080638888888889,4.45555555555555,3,207.233333333333,13.3666666666667,0.566666666666667,1,103.733333333333,0.566666666666667,NA,0,0,0,NA,0,0,0,NA,0,0,0,0.04834237492465352,0,0.0020378806041716603,0,0
037950_B6NJ_M_38844.avi,037950,3,037950_B6NJ_M_38844.avi,20,B6NJ,M,"1, 2, 3",Medium,3,1,2,0,627.2516739130435,7.023843630434782,52.976858695652176,27.833792391304346,71.67813326086956,555.5734130434782,256.06518043478263,0.02173913043478262,0.10098173913043478,4.48571428571429,14,155.766666666667,62.8,0.5,1,140.1,0.5,NA,0,0,0,NA,0,0,0,NA,0,0,0,0.22377954626440222,0,0.0017787264318747775,0,0
037951_B6NJ_M_38845.avi,037951,3,037951_B6NJ_M_38845.avi,20,B6NJ,M,"1, 2, 3",Medium,3,1,2,0,230.89410892857146,1.9958328750000003,58.058926785714284,45.14404107142857,17.56131535714286,213.33273392857146,116.85416785714285,0.01785714285714284,0.2767857142857146,4.07878787878788,11,201.533333333333,44.8666666666667,0.733333333333333,1,196.8,0.733333333333333,NA,0,0,0,NA,0,0,0,NA,0,0,0,0.14276622825625793,0,0.0023253355882042028,0,0
037952_B6NJ_M_38846.avi,037952,3,037952_B6NJ_M_38846.avi,20,B6NJ,M,"1, 2, 3",Medium,3,1,2,0,302.28455,8.04405180357143,51.958332142857145,33.405356964285716,59.16232035714286,243.12229642857142,113.91792710714286,0.2321428571428571,2.0809539285714282,4.93137254901961,17,127,83.8333333333333,NA,0,0,0,NA,0,0,0,0.166666666666667,1,184.033333333333,0.166666666666667,NA,0,0,0,0.2607568688439605,5.181347150259071e-4,0,0,0
037953_B6NJ_M_38847.avi,037953,1,037953_B6NJ_M_38847.avi,20,B6NJ,M,1,Low,1,1,1,0,1008.3636071428572,30.785718196428572,29.214285,9.453569839285715,579.4246214285714,428.93825,80.15366125,0.1428571428571428,17.59344107142858,NA,0,0,0,1.28,5,106.066666666667,6.4,NA,0,0,0,NA,0,0,0,NA,0,0,0,0,0,0.017575979494690606,0,0
037954_B6NJ_M_38848.avi,037954,1,037954_B6NJ_M_38848.avi,20,B6NJ,M,1,Low,1,1,1,0,375.6367363636364,12.274541345454546,47.99758181818182,23.216359454545454,121.50431490909091,254.13248181818182,78.02208363636363,0.036363636363636355,0.5436369090909091,3.89166666666667,4,217.1,15.5666666666667,0.762698412698413,42,22.7,32.0333333333333,NA,0,0,0,NA,0,0,0,NA,0,0,0,0.042753822210015655,0,0.08689754950718871,0,0
