"MouseID","Freeze_001_average_bout_length","Freeze_001_bout_count","Freeze_001_first_event","Freeze_001_observation_time_s","Freeze_001_total_time_s","Freeze_2cm_average_bout_length","Freeze_2cm_bout_count","Freeze_2cm_first_event","Freeze_2cm_observation_time_s","Freeze_2cm_total_time_s","Leg_splaying_average_bout_length","Leg_splaying_bout_count","Leg_splaying_first_event","Leg_splaying_observation_time_s","Leg_splaying_total_time_s","Side_seizure_average_bout_length","Side_seizure_bout_count","Side_seizure_first_event","Side_seizure_observation_time_s","Side_seizure_total_time_s","Tail_jerk_average_bout_length","Tail_jerk_bout_count","Tail_jerk_first_event","Tail_jerk_observation_time_s","Tail_jerk_total_time_s","Wild_jumping_average_bout_length","Wild_jumping_bout_count","Wild_jumping_first_event","Wild_jumping_observation_time_s","Wild_jumping_total_time_s","NetworkFilename"
"007647",3.67380952380952,14,154.833333333333,800.3,51.4333333333333,8.6991341991342,77,59.8666666666667,800.3,669.833333333333,NA,0,0,800.533333333333,0,NA,0,0,800.533333333333,0,NA,0,0,800.533333333333,0,NA,0,0,800.533333333333,0,"007647_B6J_F_40mg-kg.avi"
"007648",6.09666666666667,10,172.833333333333,761.066666666667,60.9666666666667,12.8262411347518,47,101,761.266666666667,602.833333333333,NA,0,0,766.7,0,NA,0,0,766.7,0,NA,0,0,766.7,0,NA,0,0,766.7,0,"007648_B6J_F_40mg-kg.avi"
"007649",4.08333333333333,16,143.266666666667,686.9,65.3333333333333,7.09677419354839,62,137.266666666667,686.6,440,NA,0,0,688.733333333333,0,NA,0,0,688.733333333333,0,NA,0,0,688.733333333333,0,NA,0,0,688.733333333333,0,"007649_B6J_F_40mg-kg.avi"
"007650",4.52948717948718,26,109.366666666667,682.233333333333,117.766666666667,7.93387096774194,62,79.8666666666667,682.233333333333,491.9,NA,0,0,682.8,0,NA,0,0,682.8,0,NA,0,0,682.8,0,NA,0,0,682.633333333333,0,"007650_B6J_F_40mg-kg.avi"
"007651",3.84444444444444,15,203.033333333333,702.066666666667,57.6666666666667,10.2830188679245,53,74.3333333333333,702.066666666667,545,NA,0,0,702.7,0,NA,0,0,702.7,0,NA,0,0,702.7,0,NA,0,0,702.7,0,"007651_B6J_F_40mg-kg.avi"
"007652",4.38245614035088,19,119.466666666667,678.1,83.2666666666667,12.3270833333333,48,88.3333333333333,678.1,591.7,NA,0,0,679.066666666667,0,NA,0,0,679.066666666667,0,NA,0,0,679.066666666667,0,NA,0,0,679.066666666667,0,"007652_B6J_F_40mg-kg.avi"
"007653",3.41666666666667,2,157.533333333333,187.866666666667,6.83333333333333,7.73611111111111,12,99,187.866666666667,92.8333333333333,2.54761904761905,7,91.5666666666667,194.133333333333,17.8333333333333,2.34444444444444,3,115.733333333333,193.966666666667,7.03333333333333,0.393333333333333,15,75.4333333333333,194.133333333333,5.9,0.744444444444444,3,114.6,193.966666666667,2.23333333333333,"007653_B6J_F_60mg-kg.avi"
"007654",3.7,1,175.6,166.7,3.7,3.8625,8,143.733333333333,166.7,30.9,1.9,1,197.1,169.1,1.9,3.56666666666667,2,188.8,169.1,7.13333333333333,0.377777777777778,15,79.3,169.1,5.66666666666667,0.566666666666667,1,184.166666666667,169.1,0.566666666666667,"007654_B6J_F_60mg-kg.avi"
"007656",3.23333333333333,1,157.6,170.766666666667,3.23333333333333,6.55833333333333,8,78.0333333333333,170.766666666667,52.4666666666667,15.3666666666667,3,174.833333333333,171.2,46.1,4.8,1,165.9,171.2,4.8,0.491666666666667,4,164.4,171.2,1.96666666666667,0.633333333333333,1,165.533333333333,171.2,0.633333333333333,"007656_B6J_F_60mg-kg.avi"
"007657",1.53333333333333,2,154.666666666667,128.366666666667,3.06666666666667,3.85,4,138.833333333333,128.233333333333,15.4,24.2,1,122.2,130.166666666667,24.2,5.56666666666667,1,116.333333333333,130.033333333333,5.56666666666667,0.68,5,104.3,130.166666666667,3.4,NA,0,0,130.166666666667,0,"007657_B6J_F_60mg-kg.avi"
"007658",3.13333333333333,1,235.4,221.566666666667,3.13333333333333,3.80555555555556,12,66.6333333333333,221.566666666667,45.6666666666667,3.92222222222222,3,198.533333333333,223.333333333333,11.7666666666667,0.633333333333333,1,84.3666666666667,223.333333333333,0.633333333333333,0.296969696969697,11,163.566666666667,223.333333333333,3.26666666666667,NA,0,0,223.333333333333,0,"007658_B6J_F_60mg-kg PTZ.avi"
"007659",NA,0,0,69.2666666666667,0,3.27333333333333,5,62.1666666666667,69.2666666666667,16.3666666666667,1.20833333333333,4,118.066666666667,75.1666666666667,4.83333333333333,0.633333333333333,2,122.066666666667,75.1666666666667,1.26666666666667,0.339393939393939,11,91.3666666666667,75.1666666666667,3.73333333333333,NA,0,0,75.1666666666667,0,"007659_B6J_F_80mg-kg_.avi"
"007660",3.58888888888889,3,86.2666666666667,109.3,10.7666666666667,9.64761904761905,7,83.6,109.3,67.5333333333333,5.75,6,65.8333333333333,110.3,34.5,6.36666666666667,1,107.133333333333,110.3,6.36666666666667,0.423529411764706,17,64.9,110.3,7.2,NA,0,0,110.3,0,"007660_B6J_F_80mg-kg_.avi"
"007661",3.3,1,88.5333333333333,94.9,3.3,4.43333333333333,9,75.2666666666667,94.9,39.9,7.51428571428571,7,65.3,95.3,52.6,NA,0,0,95.3,0,0.302777777777778,12,61.3666666666667,95.3,3.63333333333333,NA,0,0,95.1666666666667,0,"007661_B6J_F_80mg-kg_.avi"
"007662",NA,0,0,124.6,0,5.55555555555556,3,115.1,124.6,16.6666666666667,1.80666666666667,5,123.3,124.933333333333,9.03333333333333,5.23333333333333,1,139.6,124.933333333333,5.23333333333333,0.533333333333333,18,104.666666666667,124.933333333333,9.6,0.6,1,113.866666666667,124.933333333333,0.6,"007662_B6J_F_80mg-kg_called_7762.avi"
"007663",NA,0,0,67.7666666666667,0,5.35333333333333,5,100.566666666667,67.6666666666667,26.7666666666667,1.6,15,90.4,69.0333333333333,24,3.76666666666667,1,113.866666666667,69.0333333333333,3.76666666666667,0.360416666666667,16,56.0333333333333,69.0333333333333,5.76666666666667,NA,0,0,69,0,"007663_B6J_F_80mg-kg_called_7763.avi"
"007664",4.2,1,126.2,144.366666666667,4.2,5.81666666666667,4,70,142.666666666667,23.2666666666667,1.72222222222222,3,21.0333333333333,146.2,5.16666666666667,1.33333333333333,1,119.633333333333,146.2,1.33333333333333,0.666666666666667,1,68.6666666666667,146.2,0.666666666666667,NA,0,0,146.2,0,"007664_B6J_F_80mg-kg_called_7764.avi"
"007665",NA,0,0,433.366666666667,0,3,1,6.26666666666667,433.366666666667,3,NA,0,0,435.5,0,NA,0,0,435.5,0,NA,0,0,435.5,0,NA,0,0,435.3,0,"007665_B6J_F_vehicle_.avi"
"007666",NA,0,0,448.966666666667,0,NA,0,1.6,448.966666666667,0,NA,0,0,449.033333333333,0,NA,0,0,449.033333333333,0,NA,0,0,449.033333333333,0,NA,0,0,449.033333333333,0,"007666_B6J_F_vehicle_.avi"
"007667",NA,0,0,668.966666666667,0,4.26666666666667,1,345,668.266666666667,4.26666666666667,NA,0,0,670.6,0,NA,0,0,670.6,0,NA,0,0,670.6,0,NA,0,0,670.6,0,"007667_B6J_F_vehicle_.avi"
"007668",NA,0,0,652.266666666667,0,3.9,1,527.6,652.266666666667,3.9,NA,0,0,654.833333333333,0,NA,0,0,654.833333333333,0,NA,0,0,654.833333333333,0,NA,0,0,654.7,0,"007668_B6J_F_vehicle_.avi"
"007669",NA,0,0,538.2,0,4.72222222222222,3,163.033333333333,538.2,14.1666666666667,NA,0,0,540.1,0,NA,0,0,540.1,0,NA,0,0,540.1,0,NA,0,0,540.1,0,"007669_B6J_F_vehicle_.avi"
"007670",NA,0,0,513.2,0,4.88888888888889,3,162.033333333333,513.2,14.6666666666667,NA,0,0,513.8,0,NA,0,0,513.8,0,NA,0,0,513.8,0,NA,0,0,513.8,0,"007670_B6J_F_vehicle_.avi"
"007671",4.25652173913044,23,169.333333333333,1199.03333333333,97.9,9.15980392156863,102,3.2,1198.16666666667,934.3,NA,0,0,1200.66666666667,0,NA,0,0,1200.66666666667,0,NA,0,0,1200.66666666667,0,NA,0,0,1200.66666666667,0,"007671_B6J_M_40mg-kg_.avi"
"007672",5.48030303030303,22,81.1333333333333,1121.56666666667,120.566666666667,10.1741573033708,89,2.86666666666667,1121.13333333333,905.5,NA,0,0,1124.5,0,0.633333333333333,1,710,1124.5,0.633333333333333,NA,0,0,1124.5,0,NA,0,0,1124.5,0,"007672_B6J_M_40mg-kg_.avi"
"007673",4.315,20,97.6,623.8,86.3,14.8982456140351,38,95.4333333333333,623.8,566.133333333333,NA,0,0,624.6,0,NA,0,13.2666666666667,624.6,0,NA,0,0,624.6,0,NA,0,0,624.5,0,"007673_B6J_M_40mg-kg_.avi"
"007674",4.10333333333333,20,97.0666666666667,530.866666666667,82.0666666666667,15.5155555555556,30,83.3666666666667,530.8,465.466666666667,NA,0,0,540.166666666667,0,NA,0,0,540.166666666667,0,NA,0,0,540.233333333333,0,NA,0,0,540.233333333333,0,"007674_B6J_M_40mg-kg_.avi"
"007675",5.14444444444444,9,194.033333333333,521.5,46.3,7.51269841269841,42,1.6,522.033333333333,315.533333333333,32.7222222222222,3,424.9,525.166666666667,98.1666666666667,16.7333333333333,1,408.133333333333,525.166666666667,16.7333333333333,0.208333333333333,8,249.966666666667,525.166666666667,1.66666666666667,NA,0,0,525.166666666667,0,"007675 B6J M 40mg-kg NV5_2022-03-22_11-01-39.avi"
"007676",4.03333333333333,10,43.8,576.3,40.3333333333333,4.55405405405405,37,17.5,576.1,168.5,NA,0,0,578.233333333333,0,NA,0,0,578.233333333333,0,NA,0,0,578.233333333333,0,NA,0,0,578.1,0,"007676 B6J M 40 mg-kgNV10 or NV11 video_recording_2022-03-22_11-03-40.avi"
"007677",4.32666666666667,5,174.4,214.633333333333,21.6333333333333,5.68333333333333,12,3.46666666666667,214.566666666667,68.2,0.758333333333333,4,59.7333333333333,215.333333333333,3.03333333333333,1.35,2,208.8,215.333333333333,2.7,0.769047619047619,14,164.966666666667,215.333333333333,10.7666666666667,2.53333333333333,1,240.566666666667,215.333333333333,2.53333333333333,"007677_B6J_M_60mg-kg_.avi"
"007679",7.27777777777778,3,200.4,178.866666666667,21.8333333333333,8.08181818181818,11,79.9666666666667,178.6,88.9,3.33333333333333,4,141.466666666667,180.1,13.3333333333333,2.7,3,205.733333333333,180.1,8.1,0.344444444444444,6,139.866666666667,180.1,2.06666666666667,NA,0,0,180.1,0,"007679_B6J_M_60mg-kg_.avi"
"007680",4.66153846153846,13,140.933333333333,410.8,60.6,5.65769230769231,26,71.3333333333333,410.266666666667,147.1,2.32857142857143,7,325.733333333333,446.033333333333,16.3,0.7,1,175.966666666667,446.033333333333,0.7,0.366666666666667,30,271.033333333333,446.033333333333,11,NA,0,0,446.033333333333,0,"007680_B6J_M_60mg-kg_.avi"
"007681",4.66666666666667,9,266.933333333333,436.8,42,6.7640350877193,38,126.466666666667,436.466666666667,257.033333333333,1.6948717948718,13,144.233333333333,438.566666666667,22.0333333333333,1.60833333333333,8,93.1666666666667,438.566666666667,12.8666666666667,0.46031746031746,21,387.266666666667,438.566666666667,9.66666666666667,NA,0,0,438.566666666667,0,"007681_B6J_M_60mg-kg_.avi"
"007682",3.1,1,136.133333333333,129.6,3.1,4.02333333333333,10,4.36666666666667,129.2,40.2333333333333,3.57777777777778,9,114.2,155.566666666667,32.2,3.34444444444444,3,177.6,155.566666666667,10.0333333333333,0.5,22,36.9333333333333,155.566666666667,11,2.31666666666667,2,176.566666666667,155.566666666667,4.63333333333333,"007682_B6J_M_60mg-kg_.avi"
"007683",NA,0,0,47.3333333333333,0,4.6,1,108.833333333333,47.1333333333333,4.6,2.11333333333333,5,106.7,53.0666666666667,10.5666666666667,4.3,1,115.7,53.0666666666667,4.3,0.304761904761905,7,75.3333333333333,53.0666666666667,2.13333333333333,NA,0,0,53.0666666666667,0,"007683_B6J_M_80mg-kg_.avi"
"007684",NA,0,0,71.5333333333333,0,3.92222222222222,3,84.3666666666667,71.5333333333333,11.7666666666667,1.96666666666667,5,100.6,71.9333333333333,9.83333333333333,1,7,90.4333333333333,71.9333333333333,7,0.411111111111111,18,56.1333333333333,71.9333333333333,7.4,0.6,1,108.733333333333,71.9333333333333,0.6,"007684 B6J_M_80mg-kg video_recording_NV10 or NV11 041222.avi"
"007685",NA,0,0,67.8333333333333,0,3.31666666666667,2,72.1,67.8333333333333,6.63333333333333,3.33333333333333,3,85.1333333333333,68.4,10,1.86666666666667,2,71.3666666666667,68.4,3.73333333333333,0.583333333333333,4,71.1333333333333,68.4,2.33333333333333,NA,0,0,68.4,0,"007685_B6J_M_80mg-kg_.avi"
"007686",3.13333333333333,1,127.166666666667,106.133333333333,3.13333333333333,4.61333333333333,10,68.7,105.866666666667,46.1333333333333,6.08333333333333,4,115.3,108.766666666667,24.3333333333333,NA,0,0,108.733333333333,0,0.366666666666667,6,102.366666666667,108.833333333333,2.2,NA,0,0,108.833333333333,0,"007686_B6J_M_80mg-kg_.avi"
"007687",NA,0,0,47.0666666666667,0,NA,0,0,47.0666666666667,0,0.891666666666667,8,76.9666666666667,48.7666666666667,7.13333333333333,0.938095238095238,7,74.8,48.7666666666667,6.56666666666667,0.473333333333333,15,74.6333333333333,48.7666666666667,7.1,1.41666666666667,2,101.9,48.7333333333333,2.83333333333333,"007687_B6J_M_80mg-kg_.avi"
"007688",3.64166666666667,4,100.433333333333,114.066666666667,14.5666666666667,6.41111111111111,9,94.9666666666667,114.066666666667,57.7,27.0833333333333,2,89.7333333333333,114.966666666667,54.1666666666667,2.94444444444444,3,82.4333333333333,114.966666666667,8.83333333333333,0.666666666666667,5,62.2333333333333,114.966666666667,3.33333333333333,NA,0,0,114.9,0,"007688_B6J_M_80mg-kg_.avi"
"007689",NA,0,0,59.5666666666667,0,NA,0,73.0333333333333,59.5666666666667,0,NA,0,991.233333333333,60.0333333333333,0,1.16666666666667,1,123.033333333333,60.0333333333333,1.16666666666667,NA,0,0,60.0333333333333,0,NA,0,0,60.0333333333333,0,"007689_B6J_M_vehicle_.avi"
"007690",NA,0,0,46.1333333333333,0,4.8,1,79.4666666666667,46.1333333333333,4.8,NA,0,0,46.2666666666667,0,NA,0,0,46.2,0,NA,0,31.1,46.2666666666667,0,NA,0,0,46.2666666666667,0,"007690_B6J_M_vehicle_.avi"
"007691",NA,0,0,1199.36666666667,0,3.65,2,10.7333333333333,1199.16666666667,7.3,0.7,2,427.933333333333,1200.66666666667,1.4,0.511111111111111,3,127.066666666667,1200.66666666667,1.53333333333333,NA,0,0,1200.66666666667,0,NA,0,0,1200.66666666667,0,"007691_B6J_M_vehicle_.avi"
"007692",NA,0,0,1196.63333333333,0,3.175,4,2.3,1196.56666666667,12.7,1.06666666666667,1,540.766666666667,1200.66666666667,1.06666666666667,0.5,1,340.5,1200.66666666667,0.5,NA,0,0,1200.66666666667,0,NA,0,0,1200.66666666667,0,"007692_B6J_M_vehicle_.avi"
"007693",NA,0,0,851.1,0,3.23333333333333,2,4.1,851,6.46666666666667,1.25,2,83.6,856.366666666667,2.5,0.753333333333333,5,39.3,856.366666666667,3.76666666666667,NA,0,0,856.366666666667,0,NA,0,0,856.266666666667,0,"007693_B6J_M_vehicle_.avi"
"007694",NA,0,0,790.533333333333,0,3,1,175.5,790.4,3,NA,0,0,792.5,0,0.833333333333333,1,591.833333333333,792.5,0.833333333333333,NA,0,0,792.5,0,NA,0,0,792.3,0,"007694_B6J_M_vehicle_.avi"
"007695",6.44222222222222,15,86.5,626.966666666667,96.6333333333333,8.91925925925926,45,66.3666666666667,626.233333333333,401.366666666667,NA,0,0,630.8,0,NA,0,0,630.8,0,NA,0,0,630.8,0,NA,0,0,630.8,0,"007695_B6NJ_F_40mg-kg_called B6J.avi"
"007696",3.59019607843137,17,149.566666666667,826.933333333333,61.0333333333333,5.95347222222222,48,15.2333333333333,826.933333333333,285.766666666667,NA,0,0,826.933333333333,0,NA,0,0,826.933333333333,0,0.166666666666667,1,585.3,826.933333333333,0.166666666666667,NA,0,0,826.933333333333,0,"007696_B6NJ_F_40mg-kg_called B6J.avi"
"007697",3.86666666666667,7,98.7,678.633333333333,27.0666666666667,7.99126984126984,42,89.4,676.966666666667,335.633333333333,NA,0,0,688.033333333333,0,NA,0,0,688.033333333333,0,NA,0,0,688.033333333333,0,NA,0,0,688.033333333333,0,"007697_B6NJ_F_40mg-kg_called B6J.avi"
"007698",4.58205128205128,13,214.133333333333,701.1,59.5666666666667,6.23115942028986,46,129.766666666667,701.1,286.633333333333,0.666666666666667,1,449.966666666667,701.5,0.666666666666667,NA,0,0,701.5,0,NA,0,0,701.5,0,NA,0,0,701.5,0,"007698_B6NJ_F_40mg-kg_called B6J.avi"
"007699",5.34561403508772,19,158.9,748.266666666667,101.566666666667,8.13846153846154,52,120.833333333333,748.266666666667,423.2,NA,0,0,749.766666666667,0,1.35,2,231.5,749.766666666667,2.7,0.166666666666667,1,398.9,749.766666666667,0.166666666666667,NA,0,0,749.766666666667,0,"007699_B6NJ_F_40mg-kg_called B6J.avi"
"007700",6.2,4,227.966666666667,598.3,24.8,4.62323232323232,33,92,598.3,152.566666666667,1.16666666666667,2,563.233333333333,599.7,2.33333333333333,8.16666666666667,1,560.933333333333,599.8,8.16666666666667,NA,0,0,599.8,0,NA,0,0,599.8,0,"007700_B6NJ_F_40mg-kg_called B6J.avi"
"007701",5.83333333333333,2,134.7,119.933333333333,11.6666666666667,6.83333333333333,4,35.0666666666667,119.933333333333,27.3333333333333,13.1444444444444,3,164.166666666667,121.566666666667,39.4333333333333,2,2,156.533333333333,121.566666666667,4,0.766666666666667,1,155.433333333333,121.566666666667,0.766666666666667,NA,0,0,121.566666666667,0,"007701_B6NJ_F_60mg_kg_.avi"
"007702",NA,0,0,103.966666666667,0,5.42,5,93.9,103.4,27.1,14.4,3,76.7333333333333,104.733333333333,43.2,4.2,1,79.3666666666667,104.733333333333,4.2,0.455555555555556,3,78.0333333333333,104.733333333333,1.36666666666667,NA,0,0,104.733333333333,0,"007702_B6NJ_F_60mg_kg_.avi"
"007703",6.31666666666667,4,230.933333333333,206.566666666667,25.2666666666667,16.2777777777778,3,204.433333333333,206.5,48.8333333333333,11.7083333333333,4,56.6666666666667,209.266666666667,46.8333333333333,4.43333333333333,1,190.566666666667,209.2,4.43333333333333,0.325,4,189.466666666667,209.3,1.3,NA,0,0,209.133333333333,0,"007703_B6NJ_F_60mg_kg_.avi"
"007704",4.16666666666667,1,570.8,506.133333333333,4.16666666666667,5.1,10,266.233333333333,506.266666666667,51,2.69090909090909,11,540.266666666667,517.866666666667,29.6,3.13333333333333,2,254.466666666667,517.866666666667,6.26666666666667,0.166666666666667,2,96.4666666666667,517.866666666667,0.333333333333333,NA,0,0,517.866666666667,0,"007704_B6NJ_F_60mg-kg_.avi"
"007705",3.125,4,148.466666666667,234.5,12.5,4.42619047619048,14,1.4,234.5,61.9666666666667,2.42222222222222,9,158.633333333333,235,21.8,NA,0,0,235,0,0.308333333333333,4,99.6333333333333,235,1.23333333333333,NA,0,0,235,0,"007705_B6NJ_F_60mg-kg_.avi"
"007706",3.26666666666667,1,86.0666666666667,92.2,3.26666666666667,3.3,1,86.0333333333333,92.2,3.3,1.9,5,60.8333333333333,93.0666666666667,9.5,5.43333333333333,1,133.366666666667,93.0666666666667,5.43333333333333,0.433333333333333,10,60.6666666666667,93.0666666666667,4.33333333333333,NA,0,0,92.8666666666667,0,"007706_B6NJ_F_80mg-kg_.avi"
"007707",6.1,2,107.066666666667,76.3,12.2,4.77777777777778,6,95.6333333333333,76.3,28.6666666666667,0.5,1,81.7333333333333,77.8,0.5,NA,0,0,77.8,0,0.433333333333333,1,136.233333333333,77.8,0.433333333333333,NA,0,0,77.8,0,"007707_B6NJ_F_80mg-kg_.avi"
"007708",4.20952380952381,7,166.2,308.266666666667,29.4666666666667,5.34,20,127.866666666667,308.266666666667,106.8,NA,0,0,319.566666666667,0,NA,0,0,319.566666666667,0,NA,0,0,319.566666666667,0,NA,0,0,319.566666666667,0,"007708_B6NJ_F_80mg-kg_.avi"
"007709",3.06666666666667,1,131.033333333333,112.633333333333,3.06666666666667,6.40833333333333,4,129.466666666667,112.633333333333,25.6333333333333,2.15,2,100.2,113.066666666667,4.3,5.1,1,93.8666666666667,113.066666666667,5.1,0.420833333333333,8,47.2333333333333,113.066666666667,3.36666666666667,0.8,1,93.2666666666667,113.066666666667,0.8,"007709_B6NJ_F_80mg-kg_.avi"
"007710",4.67777777777778,6,69.7333333333333,100.7,28.0666666666667,7.13333333333333,8,69.3,100.7,57.0666666666667,4.79166666666667,4,41.6,101.666666666667,19.1666666666667,NA,0,35.8333333333333,101.566666666667,0,0.733333333333333,1,34.8333333333333,101.666666666667,0.733333333333333,0.933333333333333,1,128.4,101.666666666667,0.933333333333333,"007710_B6NJ_F_80mg-kg_.avi"
"007711",NA,0,0,78.5333333333333,0,3.3,3,117.666666666667,78.5333333333333,9.9,0.875,8,59.3,80.1333333333333,7,1.11666666666667,4,93.8333333333333,80.1333333333333,4.46666666666667,0.790909090909091,11,87.5333333333333,80.1333333333333,8.7,3.23333333333333,1,107.866666666667,80.1333333333333,3.23333333333333,"007711_B6NJ_F_80mg-kg_.avi"
"007713",NA,0,0,46.3,0,NA,0,0,46.3,0,NA,0,1090.56666666667,47.2666666666667,0,NA,0,693.233333333333,47.2666666666667,0,NA,0,1124.4,47.2666666666667,0,NA,0,0,47.2666666666667,0,"007713_B6NJ_F_vehicle_.avi"
"007714",NA,0,0,105.7,0,2.93333333333333,4,9.53333333333333,105.4,11.7333333333333,NA,0,411.966666666667,109.866666666667,0,NA,0,0,109.866666666667,0,NA,0,802.533333333333,109.866666666667,0,NA,0,0,109.866666666667,0,"007714_B6NJ_F_vehicle_.avi"
"007715",NA,0,0,825.8,0,3.75714285714286,7,182.166666666667,825.5,26.3,0.691666666666667,4,48.1666666666667,826.733333333333,2.76666666666667,NA,0,0,826.733333333333,0,NA,0,0,826.733333333333,0,NA,0,0,826.466666666667,0,"007715_B6NJ_F_vehicle_.avi"
"007716",NA,0,0,668.4,0,NA,0,0,668.4,0,NA,0,0,668.4,0,NA,0,0,668.4,0,NA,0,0,668.4,0,NA,0,0,668.4,0,"007716_B6NJ_F_vehicle_.avi"
"007717",NA,0,0,811.566666666667,0,3.94,10,504.333333333333,811.4,39.4,NA,0,0,820.533333333333,0,NA,0,8.06666666666667,820.533333333333,0,NA,0,0,820.533333333333,0,NA,0,0,820.533333333333,0,"007717_B6NJ_F_vehicle_.avi"
"007718",NA,0,0,883.933333333333,0,4.61851851851852,9,310.766666666667,883.933333333333,41.5666666666667,NA,0,0,886.8,0,NA,0,0,887.066666666667,0,NA,0,0,887.066666666667,0,NA,0,0,886.966666666667,0,"007718_B6NJ_F_vehicle_.avi"
"007720",6.16,5,205.6,177.5,30.8,15.7266666666667,5,77.7333333333333,177.233333333333,78.6333333333333,3.11111111111111,3,166.266666666667,180.1,9.33333333333333,1.6,1,160.7,180.1,1.6,0.255555555555556,3,157.6,180.1,0.766666666666667,NA,0,0,180.1,0,"007720 B6NJ M 40 mg-kg NV9_2022-03-22_11-03-10.avi"
"007723",4.73148148148148,18,114.766666666667,286.666666666667,85.1666666666667,16.8,12,4.6,286.666666666667,201.6,6.35833333333333,4,95.7,286.666666666667,25.4333333333333,0.653333333333333,5,122.566666666667,286.666666666667,3.26666666666667,0.455555555555556,3,88.1333333333333,286.666666666667,1.36666666666667,NA,0,0,286.666666666667,0,"007723 B6NJ M 40 mg-kg NV9_2022-03-22_12-00-00 maybe part 2.avi"
"007725",NA,0,0,47.5666666666667,0,3.7,2,79.8333333333333,47.5666666666667,7.4,NA,0,76.1666666666667,47.6666666666667,0,NA,0,67.6666666666667,47.6666666666667,0,NA,0,66.9666666666667,47.6666666666667,0,NA,0,0,47.6666666666667,0,"007725_B6NJ_M_60mg-kg_.avi"
"007726",NA,0,41.9666666666667,63.2666666666667,0,4.36666666666667,1,3.76666666666667,63.2666666666667,4.36666666666667,1.81666666666667,2,95.1666666666667,63.9666666666667,3.63333333333333,0.766666666666667,1,92.1,63.9666666666667,0.766666666666667,0.476190476190476,7,81.0333333333333,63.9666666666667,3.33333333333333,1.63333333333333,2,121.733333333333,63.9666666666667,3.26666666666667,"007726_B6NJ_M_60mg-kg_.avi"
"007727",2.4,2,128.1,87.7,4.8,5.55,4,29.0666666666667,87.7,22.2,7.38333333333333,2,99.2666666666667,87.7,14.7666666666667,2.7,1,96.4333333333333,87.7,2.7,0.4,4,95.8666666666667,87.7,1.6,NA,0,0,87.7,0,"007727_B6NJ_M_60mg-kg_.avi"
"007729",NA,0,0,129.533333333333,0,6.33888888888889,6,109.133333333333,129.533333333333,38.0333333333333,1.87777777777778,3,94.8333333333333,130.066666666667,5.63333333333333,1.12666666666667,5,92.5666666666667,130.066666666667,5.63333333333333,0.419047619047619,7,92.0333333333333,130.066666666667,2.93333333333333,0.7,1,92.1,130.066666666667,0.7,"007729_B6NJ_M_60mg-kg_.avi"
"007730",4.53333333333333,1,128.2,105,4.53333333333333,8.92222222222222,3,78.8,105,26.7666666666667,NA,0,0,107.033333333333,0,0.533333333333333,1,64.1333333333333,107.033333333333,0.533333333333333,0.38,5,61.0333333333333,107.033333333333,1.9,0.566666666666667,1,61.3333333333333,107.033333333333,0.566666666666667,"007730_B6NJ_M_60mg-kg_.avi"
"007731",NA,0,0,24.7666666666667,0,NA,0,0,24.7666666666667,0,2.025,4,94.2333333333333,26.9333333333333,8.1,1.11111111111111,3,104.466666666667,26.9333333333333,3.33333333333333,0.461111111111111,6,84.3,26.9333333333333,2.76666666666667,NA,0,0,26.9333333333333,0,"007731_B6NJ_M_80mg-kg_called 7631.avi"
"007732",NA,0,0,102,0,5.31666666666667,2,63.8333333333333,101.833333333333,10.6333333333333,0.691666666666667,4,95.2666666666667,104.433333333333,2.76666666666667,6.86666666666667,1,84.5666666666667,104.333333333333,6.86666666666667,0.504166666666667,24,73.4666666666667,104.433333333333,12.1,1.93333333333333,3,103.8,104.266666666667,5.8,"007732_B6NJ_M_80mg-kg_.avi"
"007733",NA,0,0,55.7666666666667,0,11.1666666666667,2,99.6,54.7,22.3333333333333,NA,0,63.4,97.1666666666667,0,NA,0,55.1666666666667,97.1666666666667,0,NA,0,54.6666666666667,97.1666666666667,0,NA,0,0,97.1666666666667,0,"007733_B6NJ_M_80mg-kg_.avi"
"007735",NA,0,0,61.4666666666667,0,7.83333333333333,1,114.366666666667,61.4666666666667,7.83333333333333,0.783333333333333,2,82.2,61.9666666666667,1.56666666666667,2.74444444444444,3,88.6,61.9666666666667,8.23333333333333,0.930555555555556,12,59.3666666666667,61.9666666666667,11.1666666666667,4.56666666666667,1,105.966666666667,61.9666666666667,4.56666666666667,"007735_B6NJ_M_80mg-kg_.avi"
"007736",3.48888888888889,3,137.066666666667,61.8333333333333,10.4666666666667,10.9833333333333,2,127.9,61.7333333333333,21.9666666666667,0.533333333333333,1,89.7666666666667,66.0666666666667,0.533333333333333,1.56666666666667,2,93.9666666666667,66.0666666666667,3.13333333333333,0.477777777777778,6,88.3,66.0666666666667,2.86666666666667,NA,0,0,66.0666666666667,0,"007736_B6NJ_M_80mg-kg_.avi"
"007738",NA,0,0,1198.93333333333,0,2.9962962962963,9,1.1,1198.9,26.9666666666667,2.13974358974359,26,398.233333333333,1200.66666666667,55.6333333333333,0.644444444444444,3,130.1,1200.66666666667,1.93333333333333,NA,0,0,1200.66666666667,0,NA,0,0,1200.66666666667,0,"007738_B6NJ_M_vehicle_.avi"
"007740",NA,0,0,1200.26666666667,0,4.40740740740741,18,2.3,1200,79.3333333333333,NA,0,0,1200.66666666667,0,NA,0,0,1200.66666666667,0,0.2,3,312.133333333333,1200.66666666667,0.6,NA,0,0,1200.66666666667,0,"007740_B6NJ_M_vehicle_.avi"
"007741",NA,0,0,489.2,0,NA,0,0,489.133333333333,0,1.95,2,498.8,492.333333333333,3.9,0.88,10,26.8333333333333,492.366666666667,8.8,NA,0,0,492.366666666667,0,NA,0,0,491.966666666667,0,"007741_B6NJ_M_vehicle_.avi"
"007742",NA,0,0,177,0,4.32222222222222,12,170.666666666667,176.833333333333,51.8666666666667,11.8555555555556,6,164.9,178.933333333333,71.1333333333333,NA,0,0,178.933333333333,0,0.418518518518519,9,123.166666666667,178.933333333333,3.76666666666667,NA,0,0,178.933333333333,0,"007655_B6J_F_60mg-kg PTZ"
"037818",NA,0,0,331.466666666667,0,NA,0,0,331.466666666667,0,1,1,348.366666666667,332,1,NA,0,0,332,0,NA,0,0,332,0,NA,0,0,331.633333333333,0,"037818_B6NJ_F_38712.avi"
"037819",4.62051282051282,13,161.333333333333,272.1,60.0666666666667,5.72898550724638,23,122.066666666667,272.1,131.766666666667,0.866666666666667,1,89.9,272.533333333333,0.866666666666667,0.6,1,264.966666666667,272.533333333333,0.6,NA,0,0,272.533333333333,0,NA,0,0,272.533333333333,0,"037819_B6NJ_F_38713.avi"
"037820",4.50166666666667,20,147.733333333333,332.466666666667,90.0333333333333,4.50166666666667,20,147.733333333333,332.466666666667,90.0333333333333,NA,0,0,333.233333333333,0,0.533333333333333,1,160.333333333333,333.233333333333,0.533333333333333,NA,0,0,333.233333333333,0,NA,0,0,333.233333333333,0,"037820_B6NJ_F_38714.avi"
"037821",NA,0,0,391.3,0,3.93333333333333,1,335.866666666667,390.8,3.93333333333333,0.6,1,397.666666666667,391.8,0.6,NA,0,0,391.8,0,NA,0,0,391.8,0,0.7,1,436.633333333333,391.766666666667,0.7,"037821_B6NJ_F_38715.avi"
"037822",3.51666666666667,6,234.733333333333,347.9,21.1,3.51666666666667,6,234.733333333333,347.9,21.1,NA,0,0,348.766666666667,0,NA,0,0,348.766666666667,0,NA,0,0,348.766666666667,0,NA,0,0,348.766666666667,0,"037822_B6NJ_F_38716.avi"
"037823",4.17878787878788,11,170.2,337.6,45.9666666666667,6.46944444444444,24,169.4,337.6,155.266666666667,3.23333333333333,2,105.366666666667,338.866666666667,6.46666666666667,0.533333333333333,1,250.333333333333,338.866666666667,0.533333333333333,NA,0,0,338.866666666667,0,NA,0,0,338.866666666667,0,"037823_B6NJ_F_38717.avi"
"037833",5.05694444444444,24,146.8,421.433333333333,121.366666666667,11.4986111111111,24,124.8,421.433333333333,275.966666666667,0.916666666666667,2,36.8333333333333,421.866666666667,1.83333333333333,NA,0,0,421.866666666667,0,NA,0,0,421.733333333333,0,NA,0,0,421.466666666667,0,"037833_B6J_M_38727.avi"
"037834",6.42222222222222,12,4.93333333333333,341.4,77.0666666666667,15,17,3.73333333333333,341.4,255,NA,0,0,353.466666666667,0,NA,0,0,353.466666666667,0,NA,0,0,353.466666666667,0,NA,0,0,353.466666666667,0,"037834_B6J_M_38728.avi"
"037835",5.68958333333333,16,114.233333333333,221.366666666667,91.0333333333333,16.11,10,2.6,221.366666666667,161.1,NA,0,0,221.833333333333,0,NA,0,0,221.833333333333,0,NA,0,0,221.833333333333,0,NA,0,0,221.833333333333,0,"037835_B6J_M_38729.avi"
"037836",NA,0,0,378.9,0,3.2,1,378.6,378.9,3.2,0.633333333333333,1,234.566666666667,379.866666666667,0.633333333333333,NA,0,0,379.866666666667,0,NA,0,0,379.866666666667,0,NA,0,0,379.7,0,"037836_B6J_M_38730.avi"
"037837",6.66388888888889,24,86.8666666666667,257.233333333333,159.933333333333,18.5611111111111,12,86.8666666666667,257.233333333333,222.733333333333,NA,0,0,257.4,0,NA,0,0,257.4,0,NA,0,0,257.4,0,NA,0,0,257.4,0,"037837_B6J_M_38731.avi"
"037838",5.83333333333333,17,104.333333333333,318.1,99.1666666666667,8.05,26,4.03333333333333,317.666666666667,209.3,NA,0,1.36666666666667,345,0,NA,0,0,345,0,NA,0,0,345,0,NA,0,0,344.933333333333,0,"037838_B6J_M_38732.avi"
"037848",4.4037037037037,9,176.366666666667,240.133333333333,39.6333333333333,13.8555555555556,12,3.56666666666667,240.133333333333,166.266666666667,0.977777777777778,3,71.5666666666667,240.133333333333,2.93333333333333,NA,0,0,240.133333333333,0,NA,0,0,240.133333333333,0,NA,0,0,240.133333333333,0,"037848_B6J_F_38742.avi"
"037849",NA,0,192.933333333333,57.1666666666667,0,NA,0,191.966666666667,57.1666666666667,0,NA,0,0,57.5666666666667,0,NA,0,0,57.6666666666667,0,NA,0,0,57.7333333333333,0,NA,0,0,57.7333333333333,0,"037849_B6J_F_38743.avi"
"037939",5.22631578947368,19,150.7,342.866666666667,99.3,7.31594202898551,23,122.166666666667,342.866666666667,168.266666666667,NA,0,0,343.966666666667,0,NA,0,0,343.966666666667,0,NA,0,0,343.966666666667,0,NA,0,0,343.966666666667,0,"037939_B6J_F_38833.avi"
"037940",5.78125,16,138.266666666667,272.1,92.5,8.08245614035088,19,120,272.1,153.566666666667,NA,0,0,272.666666666667,0,NA,0,0,272.666666666667,0,NA,0,0,272.666666666667,0,NA,0,0,272.633333333333,0,"037940_B6J_F_38834.avi"
"037941",5.2962962962963,18,121.666666666667,293.233333333333,95.3333333333333,11.5145833333333,16,121.566666666667,293.233333333333,184.233333333333,NA,0,0,293.566666666667,0,NA,0,0,293.566666666667,0,NA,0,0,293.566666666667,0,NA,0,0,293.5,0,"037941_B6J_F_38835.avi"
"037942",6.57179487179487,13,110.033333333333,336.9,85.4333333333333,14.5452380952381,14,3.23333333333333,336.9,203.633333333333,NA,0,0,337.566666666667,0,NA,0,26.4666666666667,337.9,0,NA,0,0,337.9,0,NA,0,0,337.566666666667,0,"037942_B6J_F_38836.avi"
"037949",4.45555555555555,3,207.233333333333,276.5,13.3666666666667,3.96410256410256,13,181.133333333333,275.633333333333,51.5333333333333,0.566666666666667,1,103.733333333333,278.066666666667,0.566666666666667,NA,0,0,278.066666666667,0,NA,0,0,278.066666666667,0,NA,0,0,278.066666666667,0,"037949_B6NJ_M_38843.avi"
"037950",4.48571428571429,14,155.766666666667,280.633333333333,62.8,7.6140350877193,19,6.13333333333333,280.633333333333,144.666666666667,0.5,1,140.1,281.1,0.5,NA,0,0,281.1,0,NA,0,0,281.1,0,NA,0,0,281.1,0,"037950_B6NJ_M_38844.avi"
"037951",4.07878787878788,11,201.533333333333,314.266666666667,44.8666666666667,4.07878787878788,11,201.533333333333,314.266666666667,44.8666666666667,0.733333333333333,1,196.8,315.366666666667,0.733333333333333,NA,0,0,315.366666666667,0,NA,0,0,315.366666666667,0,NA,0,0,315.366666666667,0,"037951_B6NJ_M_38845.avi"
"037952",4.93137254901961,17,127,321.5,83.8333333333333,11.1074074074074,18,3.96666666666667,321.5,199.933333333333,NA,0,0,321.666666666667,0,NA,0,0,321.666666666667,0,0.166666666666667,1,184.033333333333,321.666666666667,0.166666666666667,NA,0,0,321.666666666667,0,"037952_B6NJ_M_38846.avi"
"037953",NA,0,0,364.1,0,3.33333333333333,1,1.76666666666667,362.7,3.33333333333333,1.28,5,106.066666666667,364.133333333333,6.4,NA,0,0,364.133333333333,0,NA,0,0,364.133333333333,0,NA,0,0,364.133333333333,0,"037953_B6NJ_M_38847.avi"
"037954",3.89166666666667,4,217.1,364.1,15.5666666666667,4.81515151515152,22,216.733333333333,364,105.933333333333,0.762698412698413,42,22.7,368.633333333333,32.0333333333333,NA,0,0,368.633333333333,0,NA,0,0,368.633333333333,0,NA,0,0,368.633333333333,0,"037954_B6NJ_M_38848.avi"
